model,overall_r2_pct,mean_monthly_r2_pct,sharpe_ew,sharpe_vw
OLS Benchmark,-0.4182648891439822,-164.75108026302888,1.9498745595915878,1.701254260213443
