model,overall_r2_pct,mean_monthly_r2_pct,sharpe_ew,sharpe_vw
OLS Benchmark,-0.6206759794287864,-216.38002482992565,2.3147785073064813,0.9066169947589863
