model,overall_r2_pct,mean_monthly_r2_pct,sharpe_ew,sharpe_vw
OLS Benchmark,-0.49254368672053683,-226.9789205776181,4.741558370090766,0.8312176580000451
