model,overall_r2_pct,mean_monthly_r2_pct,sharpe_ew,sharpe_vw
OLS Benchmark,1.002147352821492,-11.961016181708338,6.34842324706617,6.956690669563025
