model,overall_r2_pct,mean_monthly_r2_pct,sharpe_ew,sharpe_vw
OLS Benchmark,-0.11627843961712347,-196.58919161350775,10.875737831037911,6.146674118184825
