group,gain_pct,split_pct,n_features
Momentum,41.33625116125872,28.957489502433948,6
Other,35.42461581188923,36.72383040392405,51
Value,9.426280732822564,9.94296012782877,9
Volatility,5.088970420012659,9.722789937200401,7
Liquidity,2.674856874674774,4.541823046337929,4
Investment,2.5628183903421107,4.384824049645126,9
Profitability,1.6433972962714183,2.6151016313031845,4
Accruals,1.3939170031004304,2.1533945226858906,4
Size,0.44889230962808974,0.9577867786407045,1
