Model,OOS R² (%),Sharpe (EW),Sharpe (VW)
OLS-3 (Paper),0.16,0.83,0.61
GBRT (Paper),0.37,2.2,1.35
OLS-3 (Ours),-164.75108026302888,1.9498745595915878,1.701254260213443
GBRT (Ours),-183.37989148291015,0.6756648688167166,-0.09968016474124854
Improvement (%),11.307246781107573,-65.34829045832372,-105.85921617199902
