Model,OOS R² (%),Sharpe (EW),Sharpe (VW)
OLS-3 (Paper),0.16,0.83,0.61
GBRT (Paper),0.37,2.2,1.35
OLS-3 (Ours),-196.58919161350775,10.875737831037911,6.146674118184825
GBRT (Ours),-218.56750276893405,6.239630054782776,2.6607466007317084
Improvement (%),11.179816639480066,-42.62798394260939,-56.71241797478839
