Model,OOS R² (%),Sharpe (EW),Sharpe (VW)
OLS-3 (Paper),0.16,0.83,0.61
GBRT (Paper),0.37,2.2,1.35
OLS-3 (Ours),-11.961016181708338,6.34842324706617,6.956690669563025
GBRT (Ours),87.46324499767812,9.588583202360665,10.810779813374221
Improvement (%),-831.2359056200703,51.03881435113653,55.401186093750624
