Model,OOS R² (%),Sharpe (EW),Sharpe (VW)
OLS-3 (Paper),0.16,0.83,0.61
GBRT (Paper),0.37,2.2,1.35
OLS-3 (Ours),-216.38002482992565,2.3147785073064813,0.9066169947589863
GBRT (Ours),-238.81263114566892,3.0910361580882824,1.791376395264033
Improvement (%),10.367226056737566,33.53485650275321,97.58910384646494
